﻿<?xml version="1.0" encoding="utf-8"?>
<Configurations xmlns:i="http://www.w3.org/2001/XMLSchema-instance" z:Id="i1" xmlns:z="http://schemas.microsoft.com/2003/10/Serialization/" xmlns="DefaultValues">
	<Configurations>
		<Configuration z:Id="i2">
			<Compiler_dictionary xmlns:d4p1="http://schemas.microsoft.com/2003/10/Serialization/Arrays">
				<d4p1:KeyValueOfstringstring>
					<d4p1:Key>DebugLevel</d4p1:Key>
					<d4p1:Value>None</d4p1:Value>
				</d4p1:KeyValueOfstringstring>
				<d4p1:KeyValueOfstringstring>
					<d4p1:Key>IncludePaths</d4p1:Key>
					<d4p1:Value>NDEBUG</d4p1:Value>
				</d4p1:KeyValueOfstringstring>
				<d4p1:KeyValueOfstringstring>
					<d4p1:Key>MiscellaneousSettings</d4p1:Key>
					<d4p1:Value>-std=gnu99</d4p1:Value>
				</d4p1:KeyValueOfstringstring>
				<d4p1:KeyValueOfstringstring>
					<d4p1:Key>OptimizationLevel</d4p1:Key>
					<d4p1:Value>Optimize for size (-Os)</d4p1:Value>
				</d4p1:KeyValueOfstringstring>
				<d4p1:KeyValueOfstringstring>
					<d4p1:Key>SymbolDefines</d4p1:Key>
					<d4p1:Value>NDEBUG</d4p1:Value>
				</d4p1:KeyValueOfstringstring>
				<d4p1:KeyValueOfstringstring>
					<d4p1:Key>SymbolUndefines</d4p1:Key>
					<d4p1:Value></d4p1:Value>
				</d4p1:KeyValueOfstringstring>
				<d4p1:KeyValueOfstringstring>
					<d4p1:Key>Verbose</d4p1:Key>
					<d4p1:Value>False</d4p1:Value>
				</d4p1:KeyValueOfstringstring>
				<d4p1:KeyValueOfstringstring>
					<d4p1:Key>WarningsAsErrors</d4p1:Key>
					<d4p1:Value>False</d4p1:Value>
				</d4p1:KeyValueOfstringstring>
				<d4p1:KeyValueOfstringstring>
					<d4p1:Key>avrgcc.compiler.general.CLanguageExp</d4p1:Key>
					<d4p1:Value>True</d4p1:Value>
				</d4p1:KeyValueOfstringstring>
				<d4p1:KeyValueOfstringstring>
					<d4p1:Key>avrgcc.compiler.general.SubroutinesFunctionPrologues</d4p1:Key>
					<d4p1:Value>False</d4p1:Value>
				</d4p1:KeyValueOfstringstring>
				<d4p1:KeyValueOfstringstring>
					<d4p1:Key>avrgcc.compiler.general.ChangeSPWithoutDisablingInterrupts</d4p1:Key>
					<d4p1:Value>False</d4p1:Value>
				</d4p1:KeyValueOfstringstring>
				<d4p1:KeyValueOfstringstring>
					<d4p1:Key>avrgcc.compiler.general.ChangeDefaultCharTypeUnsigned</d4p1:Key>
					<d4p1:Value>True</d4p1:Value>
				</d4p1:KeyValueOfstringstring>
				<d4p1:KeyValueOfstringstring>
					<d4p1:Key>avrgcc.compiler.general.ChangeDefaultBitFieldUnsigned</d4p1:Key>
					<d4p1:Value>True</d4p1:Value>
				</d4p1:KeyValueOfstringstring>
				<d4p1:KeyValueOfstringstring>
					<d4p1:Key>avrgcc.compiler.preprocessor.DoNotSearchSystemDirectories</d4p1:Key>
					<d4p1:Value>False</d4p1:Value>
				</d4p1:KeyValueOfstringstring>
				<d4p1:KeyValueOfstringstring>
					<d4p1:Key>avrgcc.compiler.preprocessor.PreprocessOnly</d4p1:Key>
					<d4p1:Value>False</d4p1:Value>
				</d4p1:KeyValueOfstringstring>
				<d4p1:KeyValueOfstringstring>
					<d4p1:Key>avrgcc.compiler.optimization.OtherFlags</d4p1:Key>
					<d4p1:Value></d4p1:Value>
				</d4p1:KeyValueOfstringstring>
				<d4p1:KeyValueOfstringstring>
					<d4p1:Key>avrgcc.compiler.optimization.PrepareFunctionsForGarbageCollection</d4p1:Key>
					<d4p1:Value>True</d4p1:Value>
				</d4p1:KeyValueOfstringstring>
				<d4p1:KeyValueOfstringstring>
					<d4p1:Key>avrgcc.compiler.optimization.PrepareDataForGarbageCollection</d4p1:Key>
					<d4p1:Value>True</d4p1:Value>
				</d4p1:KeyValueOfstringstring>
				<d4p1:KeyValueOfstringstring>
					<d4p1:Key>avrgcc.compiler.optimization.PackStructureMembers</d4p1:Key>
					<d4p1:Value>True</d4p1:Value>
				</d4p1:KeyValueOfstringstring>
				<d4p1:KeyValueOfstringstring>
					<d4p1:Key>avrgcc.compiler.optimization.AllocateBytesNeededForEnum</d4p1:Key>
					<d4p1:Value>True</d4p1:Value>
				</d4p1:KeyValueOfstringstring>
				<d4p1:KeyValueOfstringstring>
					<d4p1:Key>avrgcc.compiler.optimization.UseShortCalls</d4p1:Key>
					<d4p1:Value>False</d4p1:Value>
				</d4p1:KeyValueOfstringstring>
				<d4p1:KeyValueOfstringstring>
					<d4p1:Key>avrgcc.compiler.optimization.RelaxBranches</d4p1:Key>
					<d4p1:Value></d4p1:Value>
				</d4p1:KeyValueOfstringstring>
				<d4p1:KeyValueOfstringstring>
					<d4p1:Key>avrgcc.compiler.optimization.OtherDebuggingFlags</d4p1:Key>
					<d4p1:Value></d4p1:Value>
				</d4p1:KeyValueOfstringstring>
				<d4p1:KeyValueOfstringstring>
					<d4p1:Key>avrgcc.compiler.warnings.AllWarnings</d4p1:Key>
					<d4p1:Value>True</d4p1:Value>
				</d4p1:KeyValueOfstringstring>
				<d4p1:KeyValueOfstringstring>
					<d4p1:Key>avrgcc.compiler.warnings.ExtraWarnings</d4p1:Key>
					<d4p1:Value>False</d4p1:Value>
				</d4p1:KeyValueOfstringstring>
				<d4p1:KeyValueOfstringstring>
					<d4p1:Key>avrgcc.compiler.warnings.Undefined</d4p1:Key>
					<d4p1:Value>False</d4p1:Value>
				</d4p1:KeyValueOfstringstring>
				<d4p1:KeyValueOfstringstring>
					<d4p1:Key>avrgcc.compiler.warnings.CheckSyntaxOnly</d4p1:Key>
					<d4p1:Value>False</d4p1:Value>
				</d4p1:KeyValueOfstringstring>
				<d4p1:KeyValueOfstringstring>
					<d4p1:Key>avrgcc.compiler.warnings.Pedantic</d4p1:Key>
					<d4p1:Value>False</d4p1:Value>
				</d4p1:KeyValueOfstringstring>
				<d4p1:KeyValueOfstringstring>
					<d4p1:Key>avrgcc.compiler.warnings.PedanticWarningsAsErrors</d4p1:Key>
					<d4p1:Value>False</d4p1:Value>
				</d4p1:KeyValueOfstringstring>
				<d4p1:KeyValueOfstringstring>
					<d4p1:Key>avrgcc.compiler.warnings.InhibitAllWarnings</d4p1:Key>
					<d4p1:Value>False</d4p1:Value>
				</d4p1:KeyValueOfstringstring>
				<d4p1:KeyValueOfstringstring>
					<d4p1:Key>avrgcc.compiler.miscellaneous.Device</d4p1:Key>
					<d4p1:Value>True</d4p1:Value>
				</d4p1:KeyValueOfstringstring>
				<d4p1:KeyValueOfstringstring>
					<d4p1:Key>avrgcc.compiler.miscellaneous.CompileOnly</d4p1:Key>
					<d4p1:Value>True</d4p1:Value>
				</d4p1:KeyValueOfstringstring>
				<d4p1:KeyValueOfstringstring>
					<d4p1:Key>avrgcc.compiler.miscellaneous.SupportAnsiPrograms</d4p1:Key>
					<d4p1:Value>False</d4p1:Value>
				</d4p1:KeyValueOfstringstring>
				<d4p1:KeyValueOfstringstring>
					<d4p1:Key>avrgcc.compiler.miscellaneous.DoNotDeleteTemporaryFiles</d4p1:Key>
					<d4p1:Value>False</d4p1:Value>
				</d4p1:KeyValueOfstringstring>
				<d4p1:KeyValueOfstringstring>
					<d4p1:Key>avrgcc.compiler.miscellaneous.MakeFileDependent</d4p1:Key>
					<d4p1:Value>True</d4p1:Value>
				</d4p1:KeyValueOfstringstring>
			</Compiler_dictionary>
			<Linker_dictionary xmlns:d4p1="http://schemas.microsoft.com/2003/10/Serialization/Arrays">
				<d4p1:KeyValueOfstringstring>
					<d4p1:Key>Libraries</d4p1:Key>
					<d4p1:Value>libm</d4p1:Value>
				</d4p1:KeyValueOfstringstring>
				<d4p1:KeyValueOfstringstring>
					<d4p1:Key>LibrarySearchPath</d4p1:Key>
					<d4p1:Value></d4p1:Value>
				</d4p1:KeyValueOfstringstring>
				<d4p1:KeyValueOfstringstring>
					<d4p1:Key>MiscellaneousSettings</d4p1:Key>
					<d4p1:Value></d4p1:Value>
				</d4p1:KeyValueOfstringstring>
				<d4p1:KeyValueOfstringstring>
					<d4p1:Key>avrgcc.linker.general.DoNotUseStandardStartFiles</d4p1:Key>
					<d4p1:Value>False</d4p1:Value>
				</d4p1:KeyValueOfstringstring>
				<d4p1:KeyValueOfstringstring>
					<d4p1:Key>avrgcc.linker.general.DoNotUseDefaultLibraries</d4p1:Key>
					<d4p1:Value>False</d4p1:Value>
				</d4p1:KeyValueOfstringstring>
				<d4p1:KeyValueOfstringstring>
					<d4p1:Key>avrgcc.linker.general.NoStartupOrDefaultLibs</d4p1:Key>
					<d4p1:Value>False</d4p1:Value>
				</d4p1:KeyValueOfstringstring>
				<d4p1:KeyValueOfstringstring>
					<d4p1:Key>avrgcc.linker.general.OmitAllSymbolInformation</d4p1:Key>
					<d4p1:Value>False</d4p1:Value>
				</d4p1:KeyValueOfstringstring>
				<d4p1:KeyValueOfstringstring>
					<d4p1:Key>avrgcc.linker.general.NoSharedLibraries</d4p1:Key>
					<d4p1:Value>False</d4p1:Value>
				</d4p1:KeyValueOfstringstring>
				<d4p1:KeyValueOfstringstring>
					<d4p1:Key>avrgcc.linker.general.GenerateMAPFile</d4p1:Key>
					<d4p1:Value>True</d4p1:Value>
				</d4p1:KeyValueOfstringstring>
				<d4p1:KeyValueOfstringstring>
					<d4p1:Key>avrgcc.linker.general.UseVprintfLibrary</d4p1:Key>
					<d4p1:Value>False</d4p1:Value>
				</d4p1:KeyValueOfstringstring>
				<d4p1:KeyValueOfstringstring>
					<d4p1:Key>avrgcc.linker.optimization.GarbageCollectUnusedSections</d4p1:Key>
					<d4p1:Value>True</d4p1:Value>
				</d4p1:KeyValueOfstringstring>
				<d4p1:KeyValueOfstringstring>
					<d4p1:Key>avrgcc.linker.optimization.PutReadOnlyDataInWritableDataSection</d4p1:Key>
					<d4p1:Value>False</d4p1:Value>
				</d4p1:KeyValueOfstringstring>
				<d4p1:KeyValueOfstringstring>
					<d4p1:Key>avrgcc.linker.optimization.RelaxBranches</d4p1:Key>
					<d4p1:Value></d4p1:Value>
				</d4p1:KeyValueOfstringstring>
				<d4p1:KeyValueOfstringstring>
					<d4p1:Key>avrgcc.linker.memorysettings.InitialStack</d4p1:Key>
					<d4p1:Value></d4p1:Value>
				</d4p1:KeyValueOfstringstring>
				<d4p1:KeyValueOfstringstring>
					<d4p1:Key>avrgcc.linker.memorysettings.Flash</d4p1:Key>
					<d4p1:Value></d4p1:Value>
				</d4p1:KeyValueOfstringstring>
				<d4p1:KeyValueOfstringstring>
					<d4p1:Key>avrgcc.linker.memorysettings.Sram</d4p1:Key>
					<d4p1:Value></d4p1:Value>
				</d4p1:KeyValueOfstringstring>
				<d4p1:KeyValueOfstringstring>
					<d4p1:Key>avrgcc.linker.memorysettings.Eeprom</d4p1:Key>
					<d4p1:Value></d4p1:Value>
				</d4p1:KeyValueOfstringstring>
			</Linker_dictionary>
			<Name>Release</Name>
		</Configuration>
		<Configuration z:Id="i3">
			<Compiler_dictionary xmlns:d4p1="http://schemas.microsoft.com/2003/10/Serialization/Arrays">
				<d4p1:KeyValueOfstringstring>
					<d4p1:Key>DebugLevel</d4p1:Key>
					<d4p1:Value>Default (-g2)</d4p1:Value>
				</d4p1:KeyValueOfstringstring>
				<d4p1:KeyValueOfstringstring>
					<d4p1:Key>IncludePaths</d4p1:Key>
					<d4p1:Value>DEBUG</d4p1:Value>
				</d4p1:KeyValueOfstringstring>
				<d4p1:KeyValueOfstringstring>
					<d4p1:Key>MiscellaneousSettings</d4p1:Key>
					<d4p1:Value>-std=gnu99</d4p1:Value>
				</d4p1:KeyValueOfstringstring>
				<d4p1:KeyValueOfstringstring>
					<d4p1:Key>OptimizationLevel</d4p1:Key>
					<d4p1:Value>Optimize (-O1)</d4p1:Value>
				</d4p1:KeyValueOfstringstring>
				<d4p1:KeyValueOfstringstring>
					<d4p1:Key>SymbolDefines</d4p1:Key>
					<d4p1:Value>DEBUG</d4p1:Value>
				</d4p1:KeyValueOfstringstring>
				<d4p1:KeyValueOfstringstring>
					<d4p1:Key>SymbolUndefines</d4p1:Key>
					<d4p1:Value></d4p1:Value>
				</d4p1:KeyValueOfstringstring>
				<d4p1:KeyValueOfstringstring>
					<d4p1:Key>Verbose</d4p1:Key>
					<d4p1:Value>False</d4p1:Value>
				</d4p1:KeyValueOfstringstring>
				<d4p1:KeyValueOfstringstring>
					<d4p1:Key>WarningsAsErrors</d4p1:Key>
					<d4p1:Value>False</d4p1:Value>
				</d4p1:KeyValueOfstringstring>
				<d4p1:KeyValueOfstringstring>
					<d4p1:Key>avrgcc.compiler.general.CLanguageExp</d4p1:Key>
					<d4p1:Value>True</d4p1:Value>
				</d4p1:KeyValueOfstringstring>
				<d4p1:KeyValueOfstringstring>
					<d4p1:Key>avrgcc.compiler.general.SubroutinesFunctionPrologues</d4p1:Key>
					<d4p1:Value>False</d4p1:Value>
				</d4p1:KeyValueOfstringstring>
				<d4p1:KeyValueOfstringstring>
					<d4p1:Key>avrgcc.compiler.general.ChangeSPWithoutDisablingInterrupts</d4p1:Key>
					<d4p1:Value>False</d4p1:Value>
				</d4p1:KeyValueOfstringstring>
				<d4p1:KeyValueOfstringstring>
					<d4p1:Key>avrgcc.compiler.general.ChangeDefaultCharTypeUnsigned</d4p1:Key>
					<d4p1:Value>True</d4p1:Value>
				</d4p1:KeyValueOfstringstring>
				<d4p1:KeyValueOfstringstring>
					<d4p1:Key>avrgcc.compiler.general.ChangeDefaultBitFieldUnsigned</d4p1:Key>
					<d4p1:Value>True</d4p1:Value>
				</d4p1:KeyValueOfstringstring>
				<d4p1:KeyValueOfstringstring>
					<d4p1:Key>avrgcc.compiler.preprocessor.DoNotSearchSystemDirectories</d4p1:Key>
					<d4p1:Value>False</d4p1:Value>
				</d4p1:KeyValueOfstringstring>
				<d4p1:KeyValueOfstringstring>
					<d4p1:Key>avrgcc.compiler.preprocessor.PreprocessOnly</d4p1:Key>
					<d4p1:Value>False</d4p1:Value>
				</d4p1:KeyValueOfstringstring>
				<d4p1:KeyValueOfstringstring>
					<d4p1:Key>avrgcc.compiler.optimization.OtherFlags</d4p1:Key>
					<d4p1:Value></d4p1:Value>
				</d4p1:KeyValueOfstringstring>
				<d4p1:KeyValueOfstringstring>
					<d4p1:Key>avrgcc.compiler.optimization.PrepareFunctionsForGarbageCollection</d4p1:Key>
					<d4p1:Value>True</d4p1:Value>
				</d4p1:KeyValueOfstringstring>
				<d4p1:KeyValueOfstringstring>
					<d4p1:Key>avrgcc.compiler.optimization.PrepareDataForGarbageCollection</d4p1:Key>
					<d4p1:Value>True</d4p1:Value>
				</d4p1:KeyValueOfstringstring>
				<d4p1:KeyValueOfstringstring>
					<d4p1:Key>avrgcc.compiler.optimization.PackStructureMembers</d4p1:Key>
					<d4p1:Value>True</d4p1:Value>
				</d4p1:KeyValueOfstringstring>
				<d4p1:KeyValueOfstringstring>
					<d4p1:Key>avrgcc.compiler.optimization.AllocateBytesNeededForEnum</d4p1:Key>
					<d4p1:Value>True</d4p1:Value>
				</d4p1:KeyValueOfstringstring>
				<d4p1:KeyValueOfstringstring>
					<d4p1:Key>avrgcc.compiler.optimization.UseShortCalls</d4p1:Key>
					<d4p1:Value>False</d4p1:Value>
				</d4p1:KeyValueOfstringstring>
				<d4p1:KeyValueOfstringstring>
					<d4p1:Key>avrgcc.compiler.optimization.RelaxBranches</d4p1:Key>
					<d4p1:Value></d4p1:Value>
				</d4p1:KeyValueOfstringstring>
				<d4p1:KeyValueOfstringstring>
					<d4p1:Key>avrgcc.compiler.optimization.OtherDebuggingFlags</d4p1:Key>
					<d4p1:Value></d4p1:Value>
				</d4p1:KeyValueOfstringstring>
				<d4p1:KeyValueOfstringstring>
					<d4p1:Key>avrgcc.compiler.warnings.AllWarnings</d4p1:Key>
					<d4p1:Value>True</d4p1:Value>
				</d4p1:KeyValueOfstringstring>
				<d4p1:KeyValueOfstringstring>
					<d4p1:Key>avrgcc.compiler.warnings.ExtraWarnings</d4p1:Key>
					<d4p1:Value>False</d4p1:Value>
				</d4p1:KeyValueOfstringstring>
				<d4p1:KeyValueOfstringstring>
					<d4p1:Key>avrgcc.compiler.warnings.Undefined</d4p1:Key>
					<d4p1:Value>False</d4p1:Value>
				</d4p1:KeyValueOfstringstring>
				<d4p1:KeyValueOfstringstring>
					<d4p1:Key>avrgcc.compiler.warnings.CheckSyntaxOnly</d4p1:Key>
					<d4p1:Value>False</d4p1:Value>
				</d4p1:KeyValueOfstringstring>
				<d4p1:KeyValueOfstringstring>
					<d4p1:Key>avrgcc.compiler.warnings.Pedantic</d4p1:Key>
					<d4p1:Value>False</d4p1:Value>
				</d4p1:KeyValueOfstringstring>
				<d4p1:KeyValueOfstringstring>
					<d4p1:Key>avrgcc.compiler.warnings.PedanticWarningsAsErrors</d4p1:Key>
					<d4p1:Value>False</d4p1:Value>
				</d4p1:KeyValueOfstringstring>
				<d4p1:KeyValueOfstringstring>
					<d4p1:Key>avrgcc.compiler.warnings.InhibitAllWarnings</d4p1:Key>
					<d4p1:Value>False</d4p1:Value>
				</d4p1:KeyValueOfstringstring>
				<d4p1:KeyValueOfstringstring>
					<d4p1:Key>avrgcc.compiler.miscellaneous.Device</d4p1:Key>
					<d4p1:Value>True</d4p1:Value>
				</d4p1:KeyValueOfstringstring>
				<d4p1:KeyValueOfstringstring>
					<d4p1:Key>avrgcc.compiler.miscellaneous.CompileOnly</d4p1:Key>
					<d4p1:Value>True</d4p1:Value>
				</d4p1:KeyValueOfstringstring>
				<d4p1:KeyValueOfstringstring>
					<d4p1:Key>avrgcc.compiler.miscellaneous.SupportAnsiPrograms</d4p1:Key>
					<d4p1:Value>False</d4p1:Value>
				</d4p1:KeyValueOfstringstring>
				<d4p1:KeyValueOfstringstring>
					<d4p1:Key>avrgcc.compiler.miscellaneous.DoNotDeleteTemporaryFiles</d4p1:Key>
					<d4p1:Value>False</d4p1:Value>
				</d4p1:KeyValueOfstringstring>
				<d4p1:KeyValueOfstringstring>
					<d4p1:Key>avrgcc.compiler.miscellaneous.MakeFileDependent</d4p1:Key>
					<d4p1:Value>True</d4p1:Value>
				</d4p1:KeyValueOfstringstring>
			</Compiler_dictionary>
			<Linker_dictionary xmlns:d4p1="http://schemas.microsoft.com/2003/10/Serialization/Arrays">
				<d4p1:KeyValueOfstringstring>
					<d4p1:Key>Libraries</d4p1:Key>
					<d4p1:Value>libm</d4p1:Value>
				</d4p1:KeyValueOfstringstring>
				<d4p1:KeyValueOfstringstring>
					<d4p1:Key>LibrarySearchPath</d4p1:Key>
					<d4p1:Value></d4p1:Value>
				</d4p1:KeyValueOfstringstring>
				<d4p1:KeyValueOfstringstring>
					<d4p1:Key>MiscellaneousSettings</d4p1:Key>
					<d4p1:Value></d4p1:Value>
				</d4p1:KeyValueOfstringstring>
				<d4p1:KeyValueOfstringstring>
					<d4p1:Key>avrgcc.linker.general.DoNotUseStandardStartFiles</d4p1:Key>
					<d4p1:Value>False</d4p1:Value>
				</d4p1:KeyValueOfstringstring>
				<d4p1:KeyValueOfstringstring>
					<d4p1:Key>avrgcc.linker.general.DoNotUseDefaultLibraries</d4p1:Key>
					<d4p1:Value>False</d4p1:Value>
				</d4p1:KeyValueOfstringstring>
				<d4p1:KeyValueOfstringstring>
					<d4p1:Key>avrgcc.linker.general.NoStartupOrDefaultLibs</d4p1:Key>
					<d4p1:Value>False</d4p1:Value>
				</d4p1:KeyValueOfstringstring>
				<d4p1:KeyValueOfstringstring>
					<d4p1:Key>avrgcc.linker.general.OmitAllSymbolInformation</d4p1:Key>
					<d4p1:Value>False</d4p1:Value>
				</d4p1:KeyValueOfstringstring>
				<d4p1:KeyValueOfstringstring>
					<d4p1:Key>avrgcc.linker.general.NoSharedLibraries</d4p1:Key>
					<d4p1:Value>False</d4p1:Value>
				</d4p1:KeyValueOfstringstring>
				<d4p1:KeyValueOfstringstring>
					<d4p1:Key>avrgcc.linker.general.GenerateMAPFile</d4p1:Key>
					<d4p1:Value>True</d4p1:Value>
				</d4p1:KeyValueOfstringstring>
				<d4p1:KeyValueOfstringstring>
					<d4p1:Key>avrgcc.linker.general.UseVprintfLibrary</d4p1:Key>
					<d4p1:Value>False</d4p1:Value>
				</d4p1:KeyValueOfstringstring>
				<d4p1:KeyValueOfstringstring>
					<d4p1:Key>avrgcc.linker.optimization.GarbageCollectUnusedSections</d4p1:Key>
					<d4p1:Value>True</d4p1:Value>
				</d4p1:KeyValueOfstringstring>
				<d4p1:KeyValueOfstringstring>
					<d4p1:Key>avrgcc.linker.optimization.PutReadOnlyDataInWritableDataSection</d4p1:Key>
					<d4p1:Value>False</d4p1:Value>
				</d4p1:KeyValueOfstringstring>
				<d4p1:KeyValueOfstringstring>
					<d4p1:Key>avrgcc.linker.optimization.RelaxBranches</d4p1:Key>
					<d4p1:Value></d4p1:Value>
				</d4p1:KeyValueOfstringstring>
				<d4p1:KeyValueOfstringstring>
					<d4p1:Key>avrgcc.linker.memorysettings.InitialStack</d4p1:Key>
					<d4p1:Value></d4p1:Value>
				</d4p1:KeyValueOfstringstring>
				<d4p1:KeyValueOfstringstring>
					<d4p1:Key>avrgcc.linker.memorysettings.Flash</d4p1:Key>
					<d4p1:Value></d4p1:Value>
				</d4p1:KeyValueOfstringstring>
				<d4p1:KeyValueOfstringstring>
					<d4p1:Key>avrgcc.linker.memorysettings.Sram</d4p1:Key>
					<d4p1:Value></d4p1:Value>
				</d4p1:KeyValueOfstringstring>
				<d4p1:KeyValueOfstringstring>
					<d4p1:Key>avrgcc.linker.memorysettings.Eeprom</d4p1:Key>
					<d4p1:Value></d4p1:Value>
				</d4p1:KeyValueOfstringstring>
			</Linker_dictionary>
			<Name>Debug</Name>
		</Configuration>
	</Configurations>
</Configurations>